step,start_x,start_y,end_x,end_y,distance,angle
0,8.0,9.0,13.308976854928574,1.5661491530190688,9.134953402252602,144.4670004398756
1,13.308976854928574,1.5661491530190688,16.55656668856011,1.1055818242020905,3.2800856683752206,98.07175711588292
2,16.55656668856011,1.1055818242020905,22.18592974400724,5.690293033258058,7.26011744260907,50.839662267255825
3,22.18592974400724,5.690293033258058,19.646637200494297,17.362570606172085,11.945294904718434,347.72659791213886
4,19.646637200494297,17.362570606172085,19.21946500588092,21.67999069984944,4.338501163897481,354.3494579535335
5,19.21946500588092,21.67999069984944,19.0,23.0,1.338129082446937,350.5603388656005
