step,start_x,start_y,end_x,end_y,distance,angle
0,23.0,24.0,19.491401445819065,22.552430135293093,3.7954871001767505,247.58004331907523
1,19.491401445819065,22.552430135293093,18.791136334657494,16.442137710750103,6.15028818343804,186.537813132699
2,18.791136334657494,16.442137710750103,22.28565596775161,10.96376362693627,6.498018934127791,147.46720168852846
3,22.28565596775161,10.96376362693627,23.0,10.0,1.1996364970332658,143.45406423776967
